campaign_id,email,timestamp,status
c1,consejera.csc@juntadeandalucia.es,2025-12-23T00:09:18.403490,sent
c1,info@farmacianorte.es,2025-12-23T00:09:18.403650,sent
c1,info@farmaciasanchezalonso.es,2025-12-23T00:09:18.403780,sent
c1,info@farmaciapou.com,2025-12-23T00:09:18.403904,sent
c1,info@farmacliment.com,2025-12-23T00:09:18.404025,sent
c1,dgors.salut@gencat.cat,2025-12-23T00:09:18.404145,sent
c1,info@farmaciaabierta24honline.com,2025-12-23T00:09:18.404263,sent
c1,contact@avis-verifies.com,2025-12-23T00:09:18.404381,sent
c1,info@farmainstant.com,2025-12-23T00:09:18.404613,sent
c1,info@farmaciagranyo.com,2025-12-23T00:09:18.404730,sent
c1,info@farmaciarierariviere.com,2025-12-23T00:09:18.405077,sent
c1,farma@farmapoblesec.com,2025-12-23T00:09:18.405191,sent
c1,farmacia@farmaciasoler.com,2025-12-23T00:09:18.405421,sent
c1,info@farmaciabonetonline.com,2025-12-23T00:09:18.405536,sent
c1,colom@farmaciafullana.com,2025-12-23T00:09:18.405652,sent
c1,info@farmaciacraywinckel.com,2025-12-23T00:09:18.405767,sent
c1,info@farmaciaisabeldomenech.es,2025-12-23T00:09:18.405882,sent
c1,farmacia@farmaespai.com,2025-12-23T00:09:18.405996,sent
c1,farmaciaparraonline@gmail.com,2025-12-23T00:09:18.406110,sent
c1,contact@prestashop.com,2025-12-23T00:09:18.406225,sent
c1,license@prestashop.com,2025-12-23T00:09:18.406339,sent
c1,info@farmariba.com,2025-12-23T00:09:18.406452,sent
c1,info@farmaciaorus.com,2025-12-23T00:09:18.406795,sent
c1,info@clicfarma.com,2025-12-23T00:09:18.406910,sent
c1,donate@opencart.com,2025-12-23T00:09:18.407138,sent
c1,consultas@farmaciaonlinegranero.com,2025-12-23T00:09:18.407252,sent
c1,info@farmaproxi.com,2025-12-23T00:09:18.407365,sent
c1,tienda@mifarmaonline.es,2025-12-23T00:09:18.407595,sent
c1,logo@2x.png,2025-12-23T00:09:18.407709,sent
c1,info@farmaciacalabria.com,2025-12-23T00:09:18.407935,sent
c1,farmaciamartagento@gmail.com,2025-12-23T00:09:18.408049,sent
c1,info@farmaciabadalonline.com,2025-12-23T00:09:18.408281,sent
c1,farmacia.peraire@gmail.com,2025-12-23T00:09:18.408397,sent
c1,elisabet@farmaciasagales.cat,2025-12-23T00:09:18.408756,sent
c1,consultas@farmaciamandri54.es,2025-12-23T00:09:18.408999,sent
c1,info@farmaciadiazpuerto.com,2025-12-23T00:09:18.409238,sent
c1,farmacia.fcat@gmail.com,2025-12-23T00:09:18.409465,sent
c1,contacto@proffarma.es,2025-12-23T00:09:18.409576,sent
c1,farmaciacarrera@hotmail.com,2025-12-23T00:09:18.409819,sent
c1,info@farmaciacarrera.com,2025-12-23T00:09:18.410056,sent
c1,info@farmaciaferminsanz.com,2025-12-23T00:09:18.410169,sent
c1,farmabofarull@gmail.com,2025-12-23T00:09:18.410282,sent
c1,farmaciamarinabcn@gmail.com,2025-12-23T00:09:18.410602,sent
c1,johndoe@domain.com,2025-12-23T00:09:18.410776,sent
c1,juanperez@dominio.com,2025-12-23T00:09:18.411067,sent
c1,info.farmacia.rius@gmail.com,2025-12-23T00:09:18.411190,sent
c1,farmaciaplazavila1@gmail.com,2025-12-23T00:09:18.412110,sent
c1,info@farmaciespujol.com,2025-12-23T00:09:18.412455,sent
c1,info@farmaciapuntual.com,2025-12-23T00:09:18.412806,sent
c1,farmaciaescarrer@cofb.net,2025-12-23T00:09:18.413145,sent
c1,farmaciaarniges@gmail.com,2025-12-23T00:09:18.413595,sent
c1,arrabassada@farmaciespujol.com,2025-12-23T00:09:18.413823,sent
c1,farmaciabainad@gmail.com,2025-12-23T00:09:18.414387,sent
c1,info@farmaciacalatayud.es,2025-12-23T00:09:18.414831,sent
c1,ejrivero001@cofb.net,2025-12-23T00:09:18.415275,sent
c1,farmaciagonzalvo@cofb.net,2025-12-23T00:09:18.415607,sent
c1,pedidos@cofarma.es,2025-12-23T00:09:18.415945,sent
c1,carmenalmenta@yahoo.es,2025-12-23T00:09:18.416392,sent
c1,fnovacorbera@gmail.com,2025-12-23T00:09:18.417063,sent
c1,farmaciaperezbravo@cofb.net,2025-12-23T00:09:18.417407,sent
c1,farmaciaalmoster@gmail.com,2025-12-23T00:09:18.417971,sent
c1,jcmolina@coft.cat,2025-12-23T00:09:18.418306,sent
c1,farmacianapols258@gmail.com,2025-12-23T00:09:18.418670,sent
