Apellidos,Nombre,Domicilio,Localidad,Provincia,Sitio Web,Teléfono,Email,enviado_c1,fecha_enviado_c1
LASTRA ALONSO,ROSA MARIA,CONDE DE PEÑALVER 27,MADRID,MADRID,http://www.farmacialastra.es,914-024-272,info@farmacialastra.es; info@farmacia.es,si,2025-12-22 16:36:49
Urosa Treviño,Nuria,"Calle General Ricardos, 145",Madrid,MADRID,http://www.farmaciaurosa.com/medicamentos,914-711-210,info@farmaciaurosa.com,si,2025-12-22 16:36:49
Pallardo Fernández,Iñigo,Avenida de Palomeras Nº 121,Madrid,MADRID,http://medicamentos.farmazia.net/,913-031-412,atencion@farmazia.net,si,2025-12-22 16:36:49
VEGA VIEJO,PATRICIA,"CL SEÑORA SERGIA,  48 B",TORRELODONES,MADRID,https://medicamentos.farmaciapatriciavega.com,918-593-362,farmaceuticapatriciavega@gmail.com,si,2025-12-22 16:36:49
MARTÍN NAVARRO,HILARIO,"CL PORTO CRISTO,   9 BL 17",ALCORCÓN,MADRID,https://medicamentos.farmaciahilariomartinnavarro.es,916-106-289,info@farmaciahilariomartinnavarro.es,si,2025-12-22 16:36:49
Pérez Taño,Carmen Yolanda,Calle Bailén 16,Madrid,MADRID,http://farmaciabailen.com,913-651-100,info@farmaciabailen.com,si,2025-12-22 16:36:49
Díez Castillo,María Asunción,"AV VENTISQUERO DE LA CONDESA,  12-14",MADRID,MADRID,https://medicamentos.farmaciaventisquero.com,913-767-166,farmaciaventisquero@gmail.com,si,2025-12-22 16:36:49
Lomelino García,María Rosario,"CL ESCULTURA,   6",FUENLABRADA,MADRID,https://medicamentos.farmacialomelino.com,914-867-028,info@farmacialomelino.com,si,2025-12-22 16:36:49
Laserna Escribano,María Pilar,"PZ VIRGEN DEL ROMERO,   8",MADRID,MADRID,https://medicamentos.farmacialaserna.es,913-263-645,farmacialaserna@gmail.com,si,2025-12-22 16:36:49
ROMERO GALVAN,CARMEN GRACIA,"AV ARCAS DEL AGUA, Nº7",GETAFE,MADRID,https://medicamentos.farmaciacarmengraciaromerogalvan.com,916-652-103,farmaciacarmenromero@gmail.com,si,2025-12-22 16:36:49
Torres Feced,Carlos,"CL ANDRES SANCHEZ PASTOR,  25 ESQ. C/CAÑADA LANCHA",COLMENAR VIEJO,MADRID,https://medicamentos.farmaciacarlostorres.es,918-464-740,carlostorresfarmacia@gmail.com,si,2025-12-22 16:36:49
DE LA MORENA DE CASTRO,JULIETA,"CALLE RAFAEL DE RIEGO,  36",MADRID,MADRID,https://medicamentos.farmaciajulietadelamorena.es,915-305-419,farma@farmaciajulietadelamorena.es,si,2025-12-22 16:36:49
REY GONZÁLEZ,Mª BEGOÑA,C/ CARRETERA 4,ARROYOMOLINOS,MADRID,https://medicamentos.farmafy.es/,916-899-615,info@farmafy.es,si,2025-12-22 16:36:49
MAROTO MAROTO,MANUEL,"CL CARRETAS,  36",VILLAVICIOSA DE ODON,MADRID,https://medicamentos.farmaciamanuelmaroto.es,916-162-887,farmaciamanuelmaroto@hotmail.es,si,2025-12-22 16:36:49
Prados García,María Soledad,"CL JAZMIN,  21",MADRID,MADRID,https://medicamentos.farmaciajazmin21.com,913-830-142,m.prados.000@cofm.es,si,2025-12-22 16:36:49
GUTIERREZ MUÑOZ,LUCRECIA,"CL CHARCON,   1",EL BOALO,MADRID,https://medicamentos.farmaciaelboalo.com,918-559-103,pedidosfarmaciaelboalo@gmail.com,si,2025-12-22 16:36:49
Mayor Zaragoza,María de la Cinta,"CR BOADILLA, KM 4 URB LOS NEGRILLOS CC EL MIRADOR",MAJADAHONDA,MADRID,https://medicamentos.farmandgo.es,916-382-222,teayudamos@farmandgo.es,si,2025-12-22 16:36:49
ROMERO FERNANDEZ,REMEDIOS,C/ ANTONIA HERRANZ 2,PARACUELLOS DE JARAMA,MADRID,https://farmaciaparacuellos.es/medicamentos,916-582-181,info@farmaciaparacuellos.es,si,2025-12-22 16:36:49
VILLAR ESTEBAN,RAQUEL,C/ GENERAL RICARDOS 182,MADRID,MADRID,https://medicamentos.farmaciapuertabonita.com,915-254-061,farmaciapuertabonita@gmail.com,si,2025-12-22 16:36:49
ALONSO LOPEZ,MARIA PURIFICACION,CALLE COMERCIO 31-33,TRES CANTOS,MADRID,https://medicamentos.farmaciacallecomercio.es,918-045-707,dedenf@gmail.com,si,2025-12-22 16:36:49
González Jiménez,Juan Antonio,Calle Mercurio 10,MADRID,MADRID,http://farmayoral.es/,917-764-025,info@farmayoral.es; info@farmayoral.com,si,2025-12-22 16:36:49
Martín Martín,Francisco,"AV LOS POBLADOS,  58 C.C.PLAZA ALUCHE LC B1-B2",MADRID,MADRID,https://medicamentos.farmacialuche24h.es,915-094-389,info@farmacialuche24h.es,si,2025-12-22 16:36:49
Manso Cascajero,Elena,"CL MAYOR, 15",MECO,MADRID,https://medicamentos.farmaciameco.com,918-860-077,info@farmaciameco.com,si,2025-12-22 16:36:49
PELLICER REDONDO,EMILIO,"C/ ARCO, 29",COLMENAR DE OREJA,MADRID,http://www.farmaciapellicer.com/medicamentos,918-944-594,info@farmaciapellicer.com,si,2025-12-22 16:36:49
DEL AGUILA DE LA PUENTE,MARIA DEL CARMEN,C/ VICENTE GAOS 3,MADRID,MADRID,https://medicamento.farmaciadelhenares.com,911-733-712,info@farmaciadelhenares.com,si,2025-12-22 16:36:49
San José Valverde,Mª Paloma,"Calle Adrada de Haza, 6",madrid,MADRID,https://farmaclubprime.com/medicamentos,913-035-830,sat@farmaclubprime.com,si,2025-12-22 16:36:49
FERNANDEZ GONZALEZ,VERONICA,"Plaza Mariano Lanuza, 2",MADRID,MADRID,https://medicamentos.farmaciaacasa.com/,914-634-797,info@farmaciaacasa.com,si,2025-12-22 16:36:49
ISLA DUARTE,ROCÍO,CARRETERA DEL BARRIO DE LA FORTUNA Nº 6,MADRID,MADRID,https://www.farmaciacuatrovientos.es/medicamentos.html,915-110-808,info@farmaciacuatrovientos.es,si,2025-12-22 16:36:49
De Diego Martínez,Cristina María,Alcalá de Guadaira 9,MADRID,MADRID,https://farmavallecas.com/medicamentos/,913-031-099,info@farmavallecas.com,si,2025-12-22 16:36:49
García Sevillano,Luis,"Avenida Nuevo Mundo s/n acceso Gta. Virgen de las Nieves,2",Boadilla del Monte,MADRID,https://www.farmacianuevomundo.es/medicamentos.html,916-334-403,info@farmacianuevomundo.es; info@farmacia.es,si,2025-12-22 16:36:49
SAENZ RODRIGUEZ,JOSE M,JOSE ORTEGA Y GASSET 69,MADRID,MADRID,https://farmacialista.com/medicamentos/,914-018-269,farmaciaoyg69@gmail.com,si,2025-12-22 16:36:49
Gracia Gómez,Isabel,"CL RINCON DE LAS HERAS,   1 CEN COM LOS VALLES",COLLADO VILLALBA,MADRID,https://www.farmacialosvalles.com/medicamentos/,918-499-033,info@farmacialosvalles.com,si,2025-12-22 16:36:49
Sánchez Sánchez,Ramón,c/Entrepeñas nº 4 Locales 104-105,Alcalá de Henares,MADRID,https://canaldefarmacia.es/medicamentos/,918-884-031,info@canaldefarmacia.es,si,2025-12-22 16:36:49
SANZ-GADEA GOMEZ,RICARDO,CL VELAZQUEZ 30,MADRID,MADRID,https://medicamentos.farmav30.com/,914-353-606,info@farmav30.com,si,2025-12-22 16:36:49
Bereciartúa González,María Susana,"Calle Monasterio de Montesclaros, 7",Madrid,MADRID,https://farmaciamontesclaros-medicamentos.es/,914-275-329,farmaciamontesclaros@gmail.com; Nombre_de_farmacia_73_300x@2x.png,si,2025-12-22 16:36:49
Tenorio Marquez,Reyes,Calle Alcalá 321,Madrid,MADRID,http://farmaciaalcala321.es,647-587-702,farmaciaalcala321@gmail.com,si,2025-12-22 16:36:49
PUERTAS HERNANDO,ANA,"Martínez de la Riva, 75",Madrid,MADRID,https://medicamentos.farmaciahernando.es,914-772-642,contacto@farmaciahernando.es,si,2025-12-22 16:36:49
ARAGÓN GRAS,ROCÍO,PAREDES DE NAVA 23,MADRID,MADRID,https://medicamentos.farmaciaparedesdenava.es/,913-061-799,farmacia.paredesdenava@hotmail.com,si,2025-12-22 16:36:49
PEÑA RODRÍGUEZ,MARÍA INMACULADA,CL POETA JOAN MARAGALL 5,MADRID,MADRID,https://www.irifarma.com/medicamentos/,915-554-259,contacto@irifarma.com,si,2025-12-22 16:36:49
Cordón Nadal,Pilar,"C/Fantasía, 8",Alcobendas,MADRID,https://medicamentos.farmaciafuentelucha.com/es/,912-191-014,contacto@farmaciafuentelucha.com; medicamentos@farmaciafuentelucha.com,si,2025-12-22 16:36:49
Bescós Cano,Patricia,C/escalona 103 Local B-Farmacia,Madrid,MADRID,https://www.farmatecuida.com/medicamentos/,915-180-618,info@farmatecuida.com,si,2025-12-22 16:36:49
LASO LOPEZ,CARMEN,AVDA. EUROPA 7,POZUELO DE ALARCON,MADRID,https://www.farmaciaeuropa.es/,630-058-417,info@farmaciaeuropa.es,si,2025-12-22 16:36:49
VELEZ PEREZ,FERNANDO,"AVENIDA DE ESPAÑA, 48",SAN SEBASTIAN DE LOS REYES,MADRID,https://medicamentos.farmaciatrebol.com,916-546-152,web@farmaciatrebol.com,si,2025-12-22 16:36:49
CALATRAVA RICO,MANUEL,AEROPUERTO BARAJAS T1 LLEGADAS SALA 2,MADRID,MADRID,https://medicamentos.aeropharmat1.com,913-055-199,info@aeropharmat1.com,si,2025-12-22 16:36:49
LEJEUNE DOPICO,Mª DEL CARMEN,CALLE FUCAR 10,MADRID,MADRID,https://farmaciafucar.es,914-290-297,info@farmaciafucar.es,si,2025-12-22 16:36:49
López Fernandez del Campo,Almudena,Circe 42,MADRID,MADRID,https://farmaciaalmudena.alcampofarmacia.com,913-717-987,info@alcampofarmacia.com,si,2025-12-22 16:36:49
AZCÁRATE SALAS,LUIS GONZAGA,AVENIDA RAMON Y CAJAL 111 LOCAL 6,Madrid,MADRID,https://farmaciaramonycajal111.com/medicamentos/,914-167-817,hola@farmaciaramonycajal111.com,si,2025-12-22 16:36:49
MARTINEZ PADIAL,VICTOR MANUEL,"CAMPIÑA, 12",MADRID,MADRID,https://medicamentos.onlyfarma.com/,917-860-176,info@onlyfarma.com,si,2025-12-22 16:36:49
HIDALGO VILLA,VALENTIN,"C/ CHANTADA, 35",MADRID,MADRID,https://www.farmaciachantada.es,917-302-104,tuemail@email.com; info@farmaciachantada.es,si,2025-12-22 16:36:49
Avello Soria,María Antonia,Calle José Abascal 59,Madrid,MADRID,https://medicamentos.farmaciaabascal59.com/,914-417-715,info@parafarmaciaabascal.com,si,2025-12-22 16:36:49
CALVO DE MORA ALVAREZ,ESTHER,"BUTRON, 27",MADRID,MADRID,https://medicamentos.farmaciabutron.es/,913-069-843,info@farmaciabutron.es,si,2025-12-22 16:36:49
POVEDANO DEL YERRO,MARÍA ARACELI,"C. Ntra. Sra. del Pilar 14, 28911",Leganés,MADRID,https://www.farmaciamayorleganes.es/medicamentos,659-461-338,info@farmaciamayorleganes.es,si,2025-12-22 16:36:49
RAMOS ALONSO,LYDIA,"PLAZA JUAN SANZ, 8",MAJADAHONDA,MADRID,https://medicamentos.farmacrem.com/,913-750-206,info@farmacrem.com,si,2025-12-22 16:36:49
SUAREZ SENDE,JOSE ANTONIO,"DOCTOR ESQUERDO, 75",MADRID,MADRID,https://farmamaranon.es/medicamentos/,913-750-206,contacto@farmamaranon.es,si,2025-12-22 16:36:49
GIANFERRARI,MASSIMO,"LOPEZ DE HOYOS, 337",MADRID,MADRID,https://farmaciatricolore.com/medicamentos,914-592-524,info@farmaciatricolore.com,si,2025-12-22 16:36:49
GARCIA AYUSO,MILAGROS,"SAMUEL BALTES, 54",VILLAREJO DE SALVANES,MADRID,https://medicamentos.farmavillarejo.es/,913-750-206,pedidos@farmavillarejo.es,si,2025-12-22 16:36:49
ALBIÑANA DURÁ,ELISA,"PLAZA DE BLIMEA, 2",RIVAS VACIAMADRID,MADRID,https://medicamentos.farmaciacovibar.com/,654-879-037,info@farmaciacovibar.com,si,2025-12-22 16:36:49
GARCIA GUTIERREZ,JUAN DIEGO,"LONDRES, 18",TORREJON DE ARDOZ,MADRID,https://farmacialondresroma.com/medicamentos/,913-750-206,contacto@farmacialondresroma.com,si,2025-12-22 16:36:49
Cerrato Rojas,Carlos,"Calle Fuente Carrantona, 29",Madrid,MADRID,https://farmaciamoratalaz24h.es/318-medicamentos,915-616-041,info@farmaciamoratalaz24h.es,si,2025-12-22 16:36:49
LEAL DOMENECH,SARA,"PLAZA DE LA CONSTITUCION, 7",CIEMPOZUELOS,MADRID,https://farmaleal.com/tienda/medicamentos/,629-768-668,info@farmaleal.com,si,2025-12-22 16:36:49
CORTES TORRES,ELENA REMEDIOS,"TORRELAGUNA, 68",MADRID,MADRID,https://farmaciaelenacortes.com/medicamentos/,629-768-668,contacto@farmaciaelenacortes.com,si,2025-12-22 16:36:49
ROPA MORENO,DOLORES,CALLE  VIRGEN DEL CORO 9,MADRID,MADRID,https://www.farmaciaciudadlinealdoloresropa.es,914-050-115,dolores@farmaciaciudadlinealdoloresropa.es; info@farmaciaciudadlinealdoloresropa.es,si,2025-12-22 16:36:49
Fernandez Bernal,Alfonso,Pº Castellana 245,Madrid,MADRID,https://medicamentosonline.madrid/,913-153-666,info@medicamentosonline.madrid,si,2025-12-22 16:36:49
ILARRAZ CRUZ,MARIA ARÁNZAZU,CALLE CARLOS MARTIN ALVAREZ 1,MADRID,MADRID,https://www.cruzvera.es/medicamentos/,690-159-313,info@cruzvera.es,si,2025-12-22 16:36:49
Díaz Sánchez-Reseco,María Consuelo,General Millán Astray 13,Madrid,MADRID,https://www.consuelodiaz.com/medicamentos,917-065-540,farmacia@consuelodiaz.com,si,2025-12-22 16:36:49
GARCIA ESPONA,ASCENSION,"SANTA FE, 8",POZUELO DE ALARCON,MADRID,https://farmapozueloestacion.es/medicamentos/,917-141-900,info@farmapozueloestacion.es,si,2025-12-22 16:36:49
GOMEZ GARRACHON,EDUARDO,"SARRIA, 56",MADRID,MADRID,https://medicamentos.farmaciagarrachon.com/,913-860-226,info@farmaciagarrachon.com,si,2025-12-22 16:36:49
ALBERTOS CANTOS,ANA,"ALCALA, 54",MADRID,MADRID,https://farmaciapuertadealcala.com/medicamentos/,914-318-890,contacto@farmaciapuertadealcala.com,si,2025-12-22 16:36:49
RUBIO GOMEZ,ROSA,"VALDERREBOLLO, 1",MADRID,MADRID,https://farmaciacontigo.com/medicamentos/,914-945-116,contigo@farmaciacontigo.com,si,2025-12-22 16:36:49
Acosta Urrea,Juan,C/ Vitoria 9,Fuenlabrada,MADRID,https://www.farmaciaacostafuenlabradafmas.com/medicamentos,678-119-357,johndoe@domain.com; acostafarmacia@gmail.com; juanperez@dominio.com,si,2025-12-22 19:55:16
martin fernandez,elena,AVENIDA VIÑAGRANDE 27,ALCORCON,MADRID,https://farmaciaelenamartin.com/categoria-producto/medicamentos/,916-197-666,farmaciaelenamf@gmail.com,si,2025-12-22 16:36:49
Alvarez Llano,Rosario Patricia,Calle Jorge Luis Borges 9,Alcalá de Henares,MADRID,https://farmacialcala.es/es/medicamentos-854,918-807-064,farmacia@farmacialcala.es,si,2025-12-22 16:36:49
DIEZ DIAZ,MARIA CRISTINA,Príncipe de la Paz 24,ARANJUEZ,MADRID,https://laboticadepalacio.com/medicamentos/,918-911-436,contacto@laboticadepalacio.com,si,2025-12-22 16:36:49
OLIVER SANJUAN,ANA,"Madrid, AV PABLO NERUDA, 4",Madrid,MADRID,https://www.farmaciaanaoliversanjuanfmas.com/medicamentos,913-037-214,johndoe@domain.com; juanperez@dominio.com; farmaciaanaoliver@gmail.com,si,2025-12-22 16:36:49
DIAZ VIDAL,JOSE MARIA,"CL ARTE FIGURATIVO, 4C",MADRID,MADRID,https://www.farmaciadelartefmas.com/medicamentos,917-819-901,johndoe@domain.com; farmaciaartefigurativo@gmail.com; juanperez@dominio.com,si,2025-12-22 16:36:49
SORIANO SEMPERE,IGNACIO MIGUEL,"C/ de la Comunidad de Madrid nº 37, Centro comercial Burgocentro II local 11-12",Las Rozas,MADRID,https://farmaciasvivo.com/medicamentos,916-361-368,hola@farmaciasvivo.com,si,2025-12-22 16:36:49
Viejo Palacios,Paula,"C/ de los Yébenes, 127",Aluche,MADRID,http://www.farmaciayebenes.es,650-103-232,farmaciayebenes@gmail.com; info@farmaciayebenes.com,si,2025-12-22 16:36:49
Peña Proenza,Yadira,Ave Luis García Cereceda s/n CC La Finca Grand Cafe,Pozuelo de Alarcón,MADRID,https://www.farmacialafinca.es/,915-186-630,info@farmacialafinca.es,si,2025-12-22 16:36:49
jambrina seco,maria victoria,DOCTOR MANUEL JARAB0 10,SAN MARTIN DE LA VEGA,MADRID,https://www.farmazulsanmartindelavega.com/productos/medicamentos,679-900-945,farmaciasanmarcossmv@gmail.com,si,2025-12-22 16:36:49
MOLINA BAUTISTA,MARIA FATIMA,"PRADOLUENGO, 135",MADRID,MADRID,https://farmaciacerca.eu/medicamentos/,917-480-420,contacto@farmaciacerca.eu,si,2025-12-22 16:36:49
DESMONTS SALAZAR,CARMEN,CRTA. FUENCARRAL A ALCOBENDAS Nº16,MADRID,MADRID,https://pharmacius.com/medicamentos.html,914-760-503,info@pharmacius.es,si,2025-12-22 16:36:49
Constantino Muñoz,Damaso,Av. de Europa Nº 30,Pozuelo de Alarcon,MADRID,https://farmaciavictoriacaro.es/medicamentos/,913-513-312,info@farmaciavictoriacaro.com,si,2025-12-22 16:36:49
rodriguez mariscal,concepcion inmaculada,C/ Montañeses de la isla nº 1,san fernando,CÁDIZ,http://www.farmaciarodriguezprada.es,956-881-678,contact@prestashop.com; license@prestashop.com; support@tawk.to,si,2025-12-22 16:36:49
RIVAS VEGA,GLORIA,POMPONIO MELA 18,ALGECIRAS,CÁDIZ,http://www.farmaciarivasonline.com,956-602-323,consultas@farmaciarivasonline.com,si,2025-12-22 16:36:49
Delgado Mérida,Francisco Ruben,"Calle Prolongación de Corredera, 3",Baza,GRANADA,http://www.farmaciamas.com,958-704-196,contacto@farmaciamas.com,si,2025-12-22 16:36:49
PEREZ MIRANDA,CARMEN,AVDA. MORIS MARRODAN Nº68,MARTOS,JAÉN,http://www.farmaciamoris.com/es/3160-medicamentos,953-550-140,farmaciamoris@gmail.com,si,2025-12-22 16:36:49
Espina Márquez,Domingo,Calle Chucena 36,Sevilla,SEVILLA,http://www.farmaciadeguardia.com,954-519-551,contact@prestashop.com; license@prestashop.com,si,2025-12-22 16:36:49
BLANCO NAVARRO,JUAN MANUEL,"AV. ALFONSO DE HOHENLOHE C.C. TEMBO, LOCAL A1",MARBELLA,MÁLAGA,http://www.farmaciauniversal24h.com,952-867-536,clientes@farmaciauniversal24h.es,si,2025-12-22 16:36:49
MACIAS INFANTE,JOSE CARLOS,"AVENIDA ANDALUCIA, 29",PUNTA UMBRIA,HUELVA,http://farmaciamacias.com/,959-310-517,info@farmaciamacias.com,si,2025-12-22 16:36:49
MALDONADO SALMERON,MARIA TERESA,AVD. PABLO PICASSO,ROQUETAS DE MAR,ALMERÍA,http://www.farmacia200viviendas.es,950-320-933,administracion@farmacia200viviendas.es; administracion@farma2cia00viviendas.es; info@farmaciaperezmolina.es,si,2025-12-22 16:36:49
Camacho Gonzalez,inocencia,Paseo de Reding 17,Málaga,MÁLAGA,https://farmaciareding.com/medicamentos-sin-receta/,952-223-731,13501943454@139.com,si,2025-12-22 16:36:49
Santamaría López,Jose Manuel,Granada,Granada,GRANADA,http://www.farmaciasantamaria.com,958-154-949,info@farmaciasantamaria.com,si,2025-12-22 16:36:49
DE PRIEGO GONZALEZ DE CANALES,JUAN ANTONIO,"Cinco Caballeros, 9",Córdoba,CÓRDOBA,http://www.cincocaballeros.es,957-252-084,info@cincocaballeros.es,si,2025-12-22 16:36:49
Cabrera Salado,Margarita,MARIANA PINEDA S/N ED. COBALTO,ALMUÑECAR,GRANADA,http://www.farmaciamargarita.com,958-633-469,tienda@farmaciamargarita.com,si,2025-12-22 16:36:49
MORENO LEAL,M SILVIA,"AVDA. FERMIN SALVOCHEA, 16 LOCAL A-B",PUERTO REAL,CÁDIZ,http://www.preciofarmacia.com,956-478-632,preciofarmacia@gmail.com,si,2025-12-22 16:36:49
ALGARRA GARCÍA,ÁNGEL MANUEL,"C.CRISTAMAR; AVDA. NACIONES UNIDAS, S/N","PUERTO BANÚS, MARBELLA",MÁLAGA,http://www.farmaciapuertobanus.com,952-816-930,atcliente@farmaciapuertobanus.com; Atcliente@farmaciapuertobanus.com,si,2025-12-22 16:36:49
RODRÍGUEZ GALLEGO,MÓNICA,CALLE MENDEZ NUÑEZ N.12 -FRENTE HIPERCOR-,Granada,GRANADA,https://www.farmaciamonica.es/farmacia,958-271-091,info@farmaciamonica.es,si,2025-12-22 16:36:49
Pérez García,Concepción,"c/ San Jerónimo, 52. GRANADA - Farmacia",Granada,GRANADA,https://www.farmagranada.com,958-202-222,info@farmagranada.com,si,2025-12-22 16:36:49
Llopis Ortiz,Antonio,Avda. Guadalete S/N,Cádiz,CÁDIZ,https://farmaciacentrocivico.com/medicamentos-sin-receta/,956-285-003,info@farmaciacentrocivico.com; hola@farmaciacentrocivico.com,si,2025-12-22 16:36:49
Aznar GAvilan,Sergio,Paseo del Muelle Uno local 43 Farmacia,Malaga,MÁLAGA,https://www.farmaciaaznarruiz.com/456-medicamentos,952-210-817,farmaciaaznarruiz@yahoo.es,si,2025-12-22 16:36:49
CABRERA TORDERA,DEMETRIO MANUEL,"LUCANO, 17",CÓRDOBA,CÓRDOBA,https://nuestrafarma.com/medicamentos-sin-receta_10,957-482-404,info@nuestrafarma.com,si,2025-12-22 16:36:49
MARTÍN SÁNCHEZ,BEATRIZ,AVENIDA MAYORAZGO Nº 6,MÁLAGA,MÁLAGA,https://www.farmaciamayorazgo.com/826-medicamentos,952-212-121,info@farmaciamayorazgo.com,si,2025-12-22 16:36:49
FERNÁNDEZ CALZADA,JUAN ANTONIO,"AVENIDA REPÚBLICA ARGENTINA, 12",CÓRDOBA,CÓRDOBA,https://www.farmacialospabellones.com/categoria-producto/medicamentos/,957-230-128,botica@farmacialospabellones.com,si,2025-12-22 16:36:49
Vizcaíno Callejón,Javier,Calle Real de Arriba 13,Valverde de Camino,HUELVA,https://www.farmaciavizcaino.com/medicamentos-sin-receta_3,959-550-055,info@farmaciavizcaino.com; pedidos@farmaciavizcaino.com,si,2025-12-22 16:36:49
García de Novales,Marco Antonio,Calle General Armero Nº 91,Fuentes de Andalucia,SEVILLA,https://farmaciagarciadenovales.es/77-medicamentos,954-837-606,info@farmaciagarciadenovales.es,si,2025-12-22 16:36:49
Infante Rodríguez,Pedro Ángel,Avenida de las Ciencias Nº 33,Sevilla,SEVILLA,https://farmasevillaeste.es/77-medicamentos,954-442-329,fsevillaeste@gmail.com,si,2025-12-22 16:36:49
Lahoz Recuero,Cándido Miguel,Avenida de la Campana Nº 22,Lora del Río,SEVILLA,https://www.farmaciarecuero.es/77-medicamentos,955-802-472,info@farmaciarecuero.es,si,2025-12-22 16:36:49
Ostos Montero,Eva,Avenida Fray Albino Nº 6,Palma del Río,CÓRDOBA,https://farmaciafrayalbino.es/77-medicamentos,957-643-933,farmaciaopticaostosmontero@gmail.com,si,2025-12-22 16:36:49
PANIAGUA MERCHÁN,JAVIER,AVENIDA GRAN VÍA PARQUE 59,CÓRDOBA,CÓRDOBA,https://farmaciapaniagua24horas.com/medicamentos-sin-receta_3,957-235-284,info@farmaciapaniagua24horas.com,si,2025-12-22 16:36:49
Torres Jaén,Mercedes,CALLE ALMERÍA Nº 20,MÁLAGA,MÁLAGA,https://farmaciatorresmalaga.es/16-medicamentos,669-205-040,consejera.csc@juntadeandalucia.es; web@farmaciatorresmalaga.es,si,2025-12-22 16:36:49
Campos Garrido,Antonio Santiago,Calle ciudad de carlet 1,Sevilla,SEVILLA,https://www.farmaciasdirect.com/medicamentos-8,954-514-744,ayuda@farmaciasdirect.com,si,2025-12-22 16:36:49
Ramírez Liñán,Carlos,Calle Medina y Galnares Nº 149 B,Sevilla,SEVILLA,https://farmaciasanto.com/77-medicamentos,954-376-294,info@farmaciasanto.com,si,2025-12-22 16:36:49
Vaquero Prada,Juan Pedro,"C/ Ramírez de Bustamante, 22",Sevilla,SEVILLA,https://www.farmaciavaquero.es/77-medicamentos,954-618-810,info@farmaciavaquero.es,si,2025-12-22 16:36:49
ROLDAN  MOYANO,MARIA ARACELI,"C/ CORDOBA Nº 10,  BAJO",RUTE,CÓRDOBA,https://medicamentos.farmaciafuentedelmoral.es,957-532-599,info@farmaciafuentedelmoral.es,si,2025-12-22 16:36:49
Molina Medel,Esperanza Macarena,Calle Peña Picada Núm. 2,Arcos de la Frontera,CÁDIZ,https://lafarmaciademolina.es/16-medicamentos,956-700-570,info@lafarmaciademolina.es,si,2025-12-22 16:36:49
Abaurrea Recasens,María,Plaza de los Tarantos Nº40,Sevilla,SEVILLA,https://farmaciaabaurrea.es/77-medicamentos,954-520-014,info@farmaciaabaurrea.es,si,2025-12-22 16:36:49
QUESADA MONTORO,MARIA ASCENSION,"CALLE SULTANA, 1",GRANADA,GRANADA,https://asfarma.es/medicamentos-sin-receta,958-135-823,hola@asfarma.es,si,2025-12-22 16:36:49
Zamora Lázaro,Marta,Calle Peris Mencheta Nº 38,Sevilla,SEVILLA,https://farmaciacentralsevilla.es/77-medicamentos,954-378-143,info@farmaciatubotica.es,si,2025-12-22 16:36:49
Bergillos Jimenez,Pedro José,GONZALO XIMENEZ DE QUESADA 19,CÓRDOBA,CÓRDOBA,http://www.farmaciabarata.es/medicamentos-sin-receta,957-233-677,info@farmaciabarata.es,si,2025-12-22 16:36:49
MUÑOZ GÓMEZ,SUSANA,CAMINO ALBADALEJO Nº2,JEREZ DE LA FRONTERA,CÁDIZ,https://www.laasuncionfarmacia.es/medicamentos,956-336-212,info@laasuncionfarmacia.es; cofcadiz@redfarma.org,si,2025-12-22 16:36:49
Galán Miró,Francisco José,"Avda. de las Américas,13",Mairena del Aljarafe,SEVILLA,https://www.sanafarmacia.com/medicamentos-sin-receta_3,954-184-228,pedidosonline@sanafarmacia.com; ciudadexpo@sanafarmacia.com,si,2025-12-22 16:36:49
López Poveda,María Pilar,C/ Poeta Manuel de Góngora Núm. 14,Granada,GRANADA,https://farmaciapoveda.com/10-medicamentos,958-120-851,info@farmaciapoveda.com,si,2025-12-22 16:36:49
Gallardo Medina,Fernando,"Calle Madre de Dios, 39",Arahal,SEVILLA,https://www.farmacia4estaciones.es/2489-medicamentos,954-840-835,info@farmacia4estaciones.es,si,2025-12-22 16:36:49
Barreda Portillo,María Elena,Avenida Cristóbal Colón 20,Huelva,HUELVA,https://www.farmaciacostaluz.es/medicamentos-sin-receta_3,959-241-825,hola@farmaciacostaluz.es,si,2025-12-22 16:36:49
Lorente Sánchez,Antonio Roberto,"Avda. Europa, s/n",Jerez de la Frontera,CÁDIZ,https://farmacialorente.es/medicamentos_422,956-341-755,info@farmacialorente.es; info@florente.es,si,2025-12-22 16:36:49
Pazos Ramírez,Zoilo,"C/ Del Mocho, 29",San José de la Rinconada,SEVILLA,https://www.farmaciadelteatro.es/medicamentos,955-793-346,info@farmaciadelteatro.es,si,2025-12-22 16:36:49
Amián Durán,Sergio,CL GALAPAGARES 24,ALCOLEA,CÓRDOBA,https://farmaciacerca.es/485-medicamentos-1,957-320-859,consejera.csc@juntadeandalucia.es; info@farmaciacerca.es,si,2025-12-22 16:36:49
SERRANO MORALES,JOSÉ MANUEL,"AV DE LA AERONÁUTICA, 9",SEVILLA,SEVILLA,https://sevillafarma.com/77-medicamentos,954-404-125,emcfarmacia@gmail.com; hola@sevillafarma.com,si,2025-12-22 16:36:49
Caro González,María Lourdes,Avda. Pablo Ruiz Picasso 64-66,San Pedro Alcántara,MÁLAGA,https://farmacianorte.es/1358-medicamentos,952-782-782,consejera.csc@juntadeandalucia.es; info@farmacianorte.es,si,2025-12-22 16:38:36
Sánchez Gómez,Francisco Enrique,"Sevilla, 32",Armilla,GRANADA,https://www.farmaciasanchezalonso.es/medicamentos/11-medicamentos,958-553-777,info@farmaciasanchezalonso.es,si,2025-12-22 16:39:12
POU ISALT,ANGELA,"Avinguda de Francesc Macià, 149",GRANOLLERS,BARCELONA,https://www.farmaciapou.com/tienda/medicamentos/,938-795-869,info@farmaciapou.com,si,2025-12-22 16:39:53
CLIMENT DE CASTRO,ANA MARIA,"Carrer Can Magre, 4",MOLLET DEL VALLÈS,BARCELONA,https://www.farmaclimentonline.com/medicamentos/,935-707-368,info@farmacliment.com,si,2025-12-22 16:40:50
TORRES VERGARA,ANTONIO,"Carrer d'Aribau, 62",BARCELONA,BARCELONA,https://www.farmaciaabierta24honline.com/medicamentos/,934-539-220,dgors.salut@gencat.cat; info@farmaciaabierta24honline.com,si,2025-12-22 18:43:18
Jubero Capdeferro,Anna,"Carrer Major, 157",SALT,GERONA,https://www.farmainstant.com/146-medicamentos,972-425-330,contact@avis-verifies.com; dgors.salut@gencat.cat; info@farmainstant.com,si,2025-12-22 16:45:04
GRAÑO LLORDES,RAMON,"Carrer Major, 49",SANT GUIM DE FREIXENET,LÉRIDA,http://www.farmaciagranyo.com/medicamentos,973-556-222,Info@farmaciagranyo.com; info@farmaciagranyo.com; dgors.salut@gencat.cat,,
Riera Rivière,Mª Isabel,"Carrer Dr. Murillo, 1",SANT CUGAT DEL VALLÈS,BARCELONA,https://www.farmaciarierariviere.com/medicamentos/,936-740-430,info@farmaciarierariviere.com,si,2025-12-22 16:48:40
BENAZET HOMEDES,XAVIER,"Avinguda Camí dels Capellans, 25",SITGES,BARCELONA,https://www.farmaciabenazet.com/medicamentos/,938-941-331,farma@farmapoblesec.com,si,2025-12-22 16:49:15
Soler Gornals,Catalina,Passeig de Sant Joan 117,Barcelona,BARCELONA,https://www.farmaciasoler.com/medicamentos-c-417.html,934-576-339,dgors.salut@gencat.cat; farmacia@farmaciasoler.com,si,2025-12-22 16:51:09
BONET SERRANO,JAUME,"Av. Palfuriana, 68",SANT SALVADOR,TARRAGONA,https://www.farmaciabonetonline.com/431-medicamentos,977-684-069,info@farmaciabonetonline.com,si,2025-12-22 16:51:43
FULLANA FIOL,BARTOMEU,CRISTOFOR COLOM 1,TARRAGONA,TARRAGONA,https://farmaciafullana.com/ca/195-medicamentos,977-214-517,colom@farmaciafullana.com,si,2025-12-22 16:52:53
Sunyer Lefort,Josep Maria,"Carrer de Craywinckel, 7",BARCELONA,BARCELONA,https://www.farmaciacraywinckel.com/medicamentos/,934-171-338,info@farmaciacraywinckel.com,si,2025-12-22 16:53:59
Doménech Sagué,Isabel,"Plaça Llívia, 1",Sabadell,BARCELONA,https://www.farmaciaisabeldomenech.com/medicamentos/,937-235-023,info@farmaciaisabeldomenech.es,si,2025-12-22 16:54:53
FRIGOLA CAMPASOL,MARIA,c/ Josep Mª Prat nº 4,Girona,GERONA,https://www.farmaespai.com/medicamentos/,972-214-534,farmacia@farmaespai.com,si,2025-12-22 16:55:34
PARRA BALLESTA,M. CARMEN,CARRER SANT XAVIER 23,EL VENDRELL,TARRAGONA,https://www.farmaciaparra.com/431-medicamentos,977-660-275,farmaciaparraonline@gmail.com,si,2025-12-22 16:56:30
RIBA MAS,ANNA,"CRISTÒFOL LLARGUÉS, 20",CORNELLÀ DE LLOBREGAT,BARCELONA,https://shop.farmariba.com/244-medicamentos-farmacia,933-763-138,contact@prestashop.com; license@prestashop.com; info@farmariba.com; dgors.salut@gencat.cat,,
ORUS PRAT,ANA MARIA,MILA I FONTANALS 27,SANTA COLOMA DE GRAMENET,BARCELONA,https://www.farmaciaorus.com/compra-online-medicaments,934-663-194,dgors.salut@gencat.cat; info@farmaciaorus.com,si,2025-12-22 18:10:40
ORMAD,MIGUEL ÁNGEL,CALLE LLINARS DEL VALLÉS 5,BARCELONA,BARCELONA,https://www.clicfarma.com/Medicamentos,933-149-664,info@clicfarma.com; dgors.salut@gencat.cat; donate@opencart.com,si,2025-12-22 18:13:18
Granero Sanmartín,Esther Vanessa,MARINA 121,BARCELONA,BARCELONA,https://www.farmaciaonlinegranero.com/medicamentos/,932-451-645,consultas@farmaciaonlinegranero.com,si,2025-12-22 18:14:11
GUERRERO ANARTE,GLORIA,SANT ANTONI 21,TERRASSA,BARCELONA,https://www.farmaproxi.com/medicamentos,937-839-927,info@farmaproxi.com; dgors.salut@gencat.cat,,
NOGUERAS ESCORSA,NOEMI,ALMERIA 77,MATARO,BARCELONA,https://www.mifarmaonline.es,937-985-008,tienda@mifarmaonline.es,si,2025-12-22 18:17:33
VILLAFRANCA SERRANO,GEMMA,"Gran Via de les Corts Catalanes, 469",Barcelona,BARCELONA,https://www.farmaciacalabria.com/productos/medicamentos,934-233-588,logo@2x.png; dgors.salut@gencat.cat; info@farmaciacalabria.com,si,2025-12-22 18:19:53
Gento Senalle,Marta,Via Augusta 49'51,barcelona,BARCELONA,https://www.farmaciaonlinemartagento.com/medicamentos/,932-184-819,farmaciamartagento@gmail.com,si,2025-12-22 18:20:33
Torelló Colet,Ramon,"Ps. Joan de borbó, 72",Barcelona,BARCELONA,https://www.farmacia-torello.com,932-215-230,dgors.salut@gencat.cat,,
TASIAS FRANCI,ANA,RBLA BADAL 25,BARCELONA,BARCELONA,https://www.farmaciabadalonline.com/medicamentos/,935-669-435,info@farmaciabadalonline.com,si,2025-12-22 18:26:31
Peraire Guitart,Mª Concepcion,Joan Prim 84,Premia de mar,BARCELONA,https://www.farmaciaortopediaperaire.com/medicamentos-a14/,937-547-200,farmacia.peraire@gmail.com; dgors.salut@gencat.cat,,
XALABARDER SAGALES,ELISABET,"Plaça Espanya, 11",BELLAVISTA - LES FRANQUESES DEL VALLÈS,BARCELONA,https://www.farmaciasagales.com/medicamentos-ac/,938-493-592,elisabet@farmaciasagales.cat; dgors.salut@gencat.cat,,
March Pujol,M.Antonia,C/Mandri 54,Barcelona,BARCELONA,https://www.farmaciamandri54.es/medicamentos/,934-175-030,consultas@farmaciamandri54.es; dgors.salut@gencat.cat,,
PUERTO RODRÍGUEZ,ANTONIA MARIA,Passeig Sant Magi 50,Sant Cugat del Vallés,BARCELONA,https://farmaciadiazpuerto.com/medicamentos,936-743-353,info@farmaciadiazpuerto.com,si,2025-12-22 18:33:45
espona meseguer,nuria,RAMBLA CATALUNYA 1,BARCELONA,BARCELONA,https://www.farmaciaplazacatalunya.com/compra-online-medicaments,933-171-446,dgors.salut@gencat.cat; farmacia.fcat@gmail.com,si,2025-12-22 18:35:51
Gorrochategui watson,Hermogenes,calle este num 3,Gimenells,LÉRIDA,https://proffarma.es/medicamentos,973-748-083,contacto@proffarma.es; dgors.salut@gencat.cat,,
CARRERA GRAÑO,ROSA MARIA,CARRETERA TERRASSA 377,SABADELL,BARCELONA,https://www.farmaciacarrera.com/comprar-medicamentos-online,937-264-449,farmaciacarrera@hotmail.com; dgors.salut@gencat.cat; info@farmaciacarrera.com,si,2025-12-22 18:39:33
SANZSANZ,FERMIN,RAMBLA NOVA 55,TARRAGONA,TARRAGONA,https://farmaciaferminsanz.com/179-medicamentos,977-221-430,info@farmaciaferminsanz.com,si,2025-12-22 18:41:46
Bofarull Vilaseca,Anna,Sicilia 96,Badalona,BARCELONA,https://www.farmaciabofarullbadalona.com/compra-online-medicamentos,933-993-452,farmabofarull@gmail.com; dgors.salut@gencat.cat,,
BARTUREN ECHEVERRIA,BEGOÑA,CASPE 151,BARCELONA,BARCELONA,https://www.farmaciamarinabcnfmas.com/medicamentos/,932-319-406,farmaciamarinabcn@gmail.com; johndoe@domain.com; dgors.salut@gencat.cat; juanperez@dominio.com,,
Rius Balet,Merce,"Carrer de Sagunt, 83",Barcelona,BARCELONA,https://www.farmaciamerceriusfmas.com/medicamentos/,933-314-593,info.farmacia.rius@gmail.com; johndoe@domain.com; dgors.salut@gencat.cat; juanperez@dominio.com,,
GARRIDO ROMÁN,MIREIA,PLAZA DE LA VILA 9,SANT FELIU DE LLOBREGAT,BARCELONA,https://www.farmaciaplazavilasantfeliufmas.com/medicamentos/,936-661-336,johndoe@domain.com; dgors.salut@gencat.cat; juanperez@dominio.com; farmaciaplazavila1@gmail.com,si,2025-12-22 18:53:42
Pujol Perpiña,Arturo,C/Ibiza 7-9,Tarragona,TARRAGONA,https://www.farmaciespujoltarragonafmas.com/medicamentos/,977-221-323,johndoe@domain.com; dgors.salut@gencat.cat; info@farmaciespujol.com; juanperez@dominio.com,,
Juanola Brugués,Mireia,"Passeig Sant Joan Bosco, 23",Girona,GERONA,https://farmaciapuntual.com/categoria/medicamentos/,972-204-193,dgors.salut@gencat.cat; info@farmaciapuntual.com,si,2025-12-22 18:58:38
Escarrer Cuadrench,Núria,"Avda. Francesc Macià, 25-27, local 2",Esparreguera,BARCELONA,https://www.farmaciaescarrerfmas.com/medicamentos/,937-708-552,johndoe@domain.com; dgors.salut@gencat.cat; farmaciaescarrer@cofb.net; juanperez@dominio.com,,
ARNIGES GOMEZ,MARIA VICTORIA,"AV. MEDITERRANIA, 3",MALGRAT DE MAR,BARCELONA,https://www.farmaciaarnigesfmas.com/medicamentos/,937-654-479,johndoe@domain.com; dgors.salut@gencat.cat; farmaciaarniges@gmail.com; juanperez@dominio.com,,
PUJOL PERPIÑÀ,GEMMA,"JOAN FUSTER I ORTELLS, 7 LOCAL 2A",TARRAGONA,TARRAGONA,https://www.farmaciespujolarrabassadafmas.com/medicamentos/,977-292-775,arrabassada@farmaciespujol.com; johndoe@domain.com; dgors.salut@gencat.cat; juanperez@dominio.com,,
BAINAD CABALLÉ,JACINTO,"Ali Bei 38-42, local",BARCELONA,BARCELONA,https://www.farmabaifmas.com/medicamentos/,932-314-256,johndoe@domain.com; farmaciabainad@gmail.com; juanperez@dominio.com,,
CALATAYUD BOQUERA,MARIA DOLORES,VIA ROMA 17-19,SALOU,TARRAGONA,https://www.farmaciacalatayudsaloufmas.com/medicamentos/,977-382-761,johndoe@domain.com; dgors.salut@gencat.cat; info@farmaciacalatayud.es; juanperez@dominio.com,,
RIVERO FERRER,ENRIQUE JAVIER,"PLAZA MOIXIGANGA,5-6",VILANOVA I LA GELTRÚ,BARCELONA,https://www.farmaciariveroferrerfmas.com/medicamentos,938-144-844,johndoe@domain.com; dgors.salut@gencat.cat; ejrivero001@cofb.net; juanperez@dominio.com,,
GONZALVO VAZQUEZ,MARIA LUISA,"CALLE SITGES ,53",SANT PERE DE RIBES,BARCELONA,https://www.farmaciagonzalvofmas.com/medicamentos/,938-961-917,johndoe@domain.com; farmaciagonzalvo@cofb.net; dgors.salut@gencat.cat; juanperez@dominio.com,,
Castán Orduna,Gonzalo,Carrer de la Creu 27,Sant Andreu de la Barca,BARCELONA,https://www.farmaciacastanordunafmas.com/medicamentos/,936-533-369,pedidos@cofarma.es; johndoe@domain.com; dgors.salut@gencat.cat; juanperez@dominio.com,,
Almenra Sanchez,Mari Carmen,Sant Gervasi de Cassoles 10,BARCELONA,BARCELONA,https://www.farmaciaalmentafmas.com/medicamentos/,934-174-056,carmenalmenta@yahoo.es; johndoe@domain.com; dgors.salut@gencat.cat; juanperez@dominio.com,,
Ezquerra Bosqued,Jorge,C/ Josep Tarradellas 7B,Corbera de Llobregat,BARCELONA,https://www.farmacianovacorberafmas.com/medicamentos,936-880-797,johndoe@domain.com; dgors.salut@gencat.cat; fnovacorbera@gmail.com; juanperez@dominio.com,,
Perez Bravo,Guadalupe,"Rambla Salvador Samà, 97",Vilanova i la Geltrú,BARCELONA,https://www.farmaciaperezbravofmas.com/medicamentos/,938-106-857,johndoe@domain.com; farmaciaperezbravo@cofb.net; dgors.salut@gencat.cat; juanperez@dominio.com,,
FERNANDEZ-MONTESINOS ANIORTE,ENRIQUETA,PLAÇA JOSEP ROSELLO,ALMOSTER,TARRAGONA,https://www.farmaciaalmosterfmas.com/medicamentos,977-762-052,johndoe@domain.com; dgors.salut@gencat.cat; farmaciaalmoster@gmail.com; juanperez@dominio.com,,
MOLINA DÍAZ,JUAN CARLOS,"AVDA. COMARQUES CATALANES, 57",MORA D'EBRE,TARRAGONA,https://www.farmaciamolinabengocheafmas.com/medicamentos/,977-400-115,johndoe@domain.com; jcmolina@coft.cat; dgors.salut@gencat.cat; juanperez@dominio.com,,
Tomàs Sabaté,Marina,NÀPOLS 258,BARCELONA,BARCELONA,https://www.farmacianapols258fmas.com/medicamentos/,934-579-052,farmacianapols258@gmail.com; johndoe@domain.com; dgors.salut@gencat.cat; juanperez@dominio.com,,
Puchades Muñoz,Maria,Ctra. de Caldes nº4,Granollers,BARCELONA,https://www.farmaciapuchadesfmas.com/medicamentos,938-492-418,johndoe@domain.com; dgors.salut@gencat.cat; juanperez@dominio.com; puchades.munoz@cofb.net,,
Niubó Eslava,Itziar,Avda de Gavà 13,Viladecans,BARCELONA,https://www.farmacianiubofmas.com/medicamentos/,936-581-837,johndoe@domain.com; farmacianiubo@cofb.net; dgors.salut@gencat.cat; juanperez@dominio.com,,
BERGA MARTI,CARLOS,"c/ Jaume Abril, 23",VILADECANS,BARCELONA,https://www.farmaciacarlosbergafmas.com/medicamentos,936-582-598,farmaciacberga@gmail.com; johndoe@domain.com; dgors.salut@gencat.cat; juanperez@dominio.com,,
CEPERO CALVETE,JORGE,C/Major 18-20,RIUDOMS,TARRAGONA,https://www.somfarma.com/251-medicamentos,977-506-324,dgors.salut@gencat.cat; contacto@somfarma.com,,
PAZ CUNILLERA,ELISABET,LLUIS CASTELLS 32,SANT BOI DE LLOBREGAT,BARCELONA,https://www.farmaciabetfmas.com/medicamentos,936-400-624,info@farmaciabet.com; johndoe@domain.com; dgors.salut@gencat.cat; juanperez@dominio.com,,
borrás urtubia,teresa,CALLE SANT EUDALD 83,BEGUES,BARCELONA,https://farmazulbegues.com/productos/medicamentos,936-240-872,teresaborrasurtubia@gmail.com; dgors.salut@gencat.cat,,
CLIMENT PONS,LOURDES,"C/ANSELM CLAVÉ,35",VALLS,TARRAGONA,https://www.farmacialourdesclimentfmas.com/medicamentos,977-600-763,loclpo@coft.org; johndoe@domain.com; dgors.salut@gencat.cat; juanperez@dominio.com,,
Sabaté Galobardes,Magdalena,c glicines 23,esplugues de llobregat,BARCELONA,https://www.farmaciacanvidaletfmas.com/medicamentos,933-711-017,johndoe@domain.com; dgors.salut@gencat.cat; sabate.galobardes@cofb.net; juanperez@dominio.com,,
GALCERA PIÑOL,MONICA,"Passeig Marítim, 249",CASTELLDEFELS,BARCELONA,https://farmaplaya.com/ca/medicaments-413,936-657-409,info@farmaplaya.com,,
RIERA MARISTANY,MARTÍ,"CARRETERA BERGA, 59",NAVÀS,BARCELONA,https://www.bisanon.com/compra-online-medicamentos,655-865-482,dgors.salut@gencat.cat; farmaciamaristany@gmail.com,,
BERGA CULLERE,CAROLINA,"CARRETERA SANT CLIMENT, 58",VILADECANS,BARCELONA,https://www.farmaciabergacullerefmas.com/medicamentos,930-387-343,farmaciabergacullere@gmail.com; johndoe@domain.com; dgors.salut@gencat.cat; juanperez@dominio.com,,
Garriga Borras,Maria Rosario,"c/ Teide, 6",Barcelona,BARCELONA,https://www.farmaciateide.es/medicamentos/,934-291-126,info@farmaciateide.es,,
Puig Ampurdanes,Rosa,"Plaça Mª Aurelia Capmany, 3",Sant Joan Despí,BARCELONA,https://farmaciatorreblanca.es/online/ca/4-medicaments-sense-recepta,934-773-295,info@farmaciatorreblanca.com; dgors.salut@gencat.cat,,
Escolano i Truco,Víctor,carrer Begues 6,Gavà,BARCELONA,https://tienda.farmaciaortopediaescolano.com/medicamentos/,936-380-866,info@farmaciaortopediaescolano.com,,
rey salas,laura,C/D'IGUALADA 48,VILAFRANCA DEL PENEDES,BARCELONA,https://www.farmacialaurareyfmas.com/medicamentos,938-181-581,farmaciaigualada48@gmail.com; johndoe@domain.com; dgors.salut@gencat.cat; juanperez@dominio.com,,
BARGALLO FERRER,MIREIA,PLAZA LESSEPS 11,BARCELONA,BARCELONA,https://shop.farmalesseps.es/productos/medicamentos,932-178-375,farmacialesseps@gmail.com; dgors.salut@gencat.cat,,
ribal barrera,m eva,"Carrer Major, 8",GELIDA,BARCELONA,https://lafarmaciacentral.com/categoria-producto/medicamentos/,937-790-003,info@lafarmaciacentral.com; dgors.salut@gencat.cat,,
Astals Moro,Elena,FARMACIA CONSELL -C/ CONSELL DE CENT 1,TERRASSA,BARCELONA,https://farmaciaconsell.com/es/138-medicamentos,619-461-017,yourmail@com.com; dgors.salut@gencat.cat,,
CASTELLÀ AUMEDES,CARLES,"CALLE CIUTAT COOPERATIVA, 100",SANT BOI DE LLOBREGAT,BARCELONA,https://WWW.FARMACIALACOOPESANTBOIFMAS.COM/MEDICAMENTOS,936-406-945,johndoe@domain.com; farmacialacoopesantboi@gmail.com; dgors.salut@gencat.cat; juanperez@dominio.com,,
Rodriguez Pareja,Julio,"Carrer de Balmes, 18",BARCELONA,BARCELONA,https://www.farmaciacoliseum.com/medicamentos,933-170-628,web@farmaciacoliseum.com; dgors.salut@gencat.cat,,
LLULL FERRO,JUAN,C/COMTES DE BELL.LLOC 140 BAIXOS,BARCELONA,BARCELONA,https://farmaciaferromauri.com/medicamentos-otc-sin-receta-102,934-090-329,pedidos@farmaciaferromauri.com; dgors.salut@gencat.cat,,
Llibre Perez,Monica,"CARRETERA DE SANT BOI, 184",SANT VICENÇ DELS HORTS,BARCELONA,https://www.farmacialamolafmas.com/medicamentos,936-562-937,johndoe@domain.com; farmaciallibre@gmail.com; dgors.salut@gencat.cat; juanperez@dominio.com,,
Millán Homedes,Eliseo José,C/ PORT ALEGRE 57,SITGES,BARCELONA,https://www.farmaciasitgesplaya.es/medicamentos,938-943-496,dgors.salut@gencat.cat,,
Robusté Folch,Xavier,Av. Països Catalans 207,REUS,TARRAGONA,https://farmaciarobuste.com/ca/291-medicaments,977-345-901,info@farmaciarobuste.com; dgors.salut@gencat.cat,,
XALABARDER ANGLI,ANA,"CALLE TRINQUET,8",BARCELONA,BARCELONA,https://www.farmaciatrinquetfmas.com/medicamentos,932-044-677,johndoe@domain.com; dgors.salut@gencat.cat; xalabarder.angli@cofb.net; juanperez@dominio.com,,
LATORRE MASANES,AGNES,C/MAJOR 144,BESCANÓ,GERONA,https://www.farmaciaagneslatorre.com/,972-784-836,farmaciaalatorre@gmail.com,,
SISÓ VILA,ANNA,"CL RIZAL 1, LOCAL D",RIPOLLET,BARCELONA,https://www.rizalfarmacia.com/es/29-medicamentos,935-863-004,dgors.salut@gencat.cat; tufarmaceutico@rizalfarmacia.com,,
PUJOL FITÉ,ARTURO,"BLOC SANT JOAN ESCALA A, SANT PERE I SANT PAU",TARRAGONA,TARRAGONA,https://www.farmaciespujolsantperesantpaufmas.com/medicamentos/,977-200-413,johndoe@domain.com; dgors.salut@gencat.cat; spsp@farmaciespujol.com; juanperez@dominio.com,,
Barni,Claudio,Carrer Jordi Girona 2,Barcelona,BARCELONA,https://www.farmaciabarni.es/compra-online-medicamentos,932-038-493,dgors.salut@gencat.cat; info@farmaciabarni.es,,
Lauroba Canaleta,Carolina,Autovia de Castelldefels km.16.530,Gavà,BARCELONA,https://farmacialapava.com/524-medicamentos,936-332-133,hola@farmacialapava.com; dgors.salut@gencat.cat; tuemail@gmail.com,,
Lobaco Valls,Cristina,"RAMBLA JAUME I, 17",CAMBRILS,TARRAGONA,https://tienda.farmacia-valls.com/16-medicamentos,977-369-003,dgors.salut@gencat.cat,,
Juve Santacana,Anton,Av.Montserrat 27,Igualada,BARCELONA,https://www.farmacosmetia.com/medicamentos-farmacia,938-037-458,info@cosmetia.com; dgors.salut@gencat.cat; info@cosmetia.es,,
Valcárcel Rosell,Elisa,Carrer de l´Horta 5,Darnius,GERONA,https://www.lafarmacia.es/medicamentos,972-562-696,hola@lafarmacia.es; dgors.salut@gencat.cat,,
ENRICH MURT,JAUME,RAMBLA DE CATALUNYA 86,BARCELONA,BARCELONA,https://www.farmacia86.com/medicamento/,932-151-793,info@farmacia86.com,,
SERRANO BAIGET,JORGE,AV BARCELONA 71-73,CUNIT,TARRAGONA,https://www.farmaciacunitonline.com/medicamentos/,977-675-243,info@farmaciacunitonline.com,,
serra mandri,juan maria,"Avinguda Diagonal, 478",BARCELONA,BARCELONA,https://www.farmaciaserra.com/productos/medicamentos/medicamentos.html,934-161-270,dgors.salut@gencat.cat; info@farmaciaserra.com,,
FERNANDEZ CABRE,M.ESTHER,"PERE MARTELL,5",TARRAGONA,TARRAGONA,https://www.farmaciafernandezcabre.com/151-medicamentos,977-219-704,info@farmatarraco.com; dgors.salut@gencat.cat,,
HIDALGO VALLS,BELÉN,C/PABLO PICASSO 1 local4,Cerdanyola del Vallés,BARCELONA,http://farmaciaorigenonline.com,937-687-299,farmaciaorigen@gmail.com,,
Blanch Pastor,Jordi,"Major, 1",Sant Jaume d´Enveja,TARRAGONA,https://www.ebrefarma.com/89-medicamentos,977-468-111,info@ebrefarma.com; dgors.salut@gencat.cat,,
POCH SABATER,JOSEP MARIA,"Carrer del Mar, 25",SANT PERE PESCADOR,GERONA,https://www.farmaciacostabrava.com/medicamentos/,972-520-015,farmaciacostabrava@gmail.com,,
Solé Chandre,Marta,"Av. Agustí Ros, 3-B",Agramunt,LÉRIDA,https://www.farmaciamartasole.cat/compra-online-medicaments,973-390-087,farmacia@farmaciamartasole.cat; dgors.salut@gencat.cat,,
ROJAS CANO,MIQUEL,CARRER MOSEN CINTO VERDAGUER 20,SANT ESTEVE SESROVIRES,BARCELONA,https://www.farmaciasesrovires.com/medicamentos/,937-798-935,info@farmaciasesrovires.com,,
ROSSELLÓ PONS,MARIA DEL MAR,Carrer del Doctor Ferran 11,Santa Coloma de Gramenet,BARCELONA,https://www.farmaciadoctorferran.com/296-medicamentos,933-860-110,info@farmaciadoctorferran.com; dgors.salut@gencat.cat,,
Morales Guarch,Maria Dolors,"Carrer Rambla, 165",SABADELL,BARCELONA,https://farmaciamorales.cat/botiga/,937-250-518,info@farmaciamorales.cat; dgors.salut@gencat.cat,,
BERTOMEU LAZARO,MARIA TERESA,"TARRAGONA, TORTOSA, CALLE VERGES PAULI, 24",TORTOSA,BARCELONA,https://www.farmaciatortosafmas.com/medicamentos,977-440-715,johndoe@domain.com; dgors.salut@gencat.cat; juanperez@dominio.com; bertomeu@coft.cat,,
BERTRAN SERRACANTA,ROSER,C.CIAL BARICENTRO 1ª PLANTA PUERTA 5 LOCAL 151,BARBERA DEL VALLES,BARCELONA,https://farmaciabaricentro.com/medicamentos,937-294-572,info@farmaciabaricentro.com; dgors.salut@gencat.cat; pedidos@farmaciabaricentro.com,,
CIRICI GASCH,MANUEL,C/ RIERA DE SANT JORDI 14,MONTGAT,BARCELONA,https://www.farmaciacirici.com/s/medicamentos/,934-691-187,info@farmaciacirici.com; dgors.salut@gencat.cat,,
Torres Pérez,Jordi,"Avenida Santiga,32",Santa Perpètua de Mogoda,BARCELONA,https://farmacialacreueta.com/suplementos,935-448-668,pedidos@farmacialacreueta.com; dgors.salut@gencat.cat,,
López-Ybarra Flores,Rocío,"Plaça Ajuntament, 14",Esparreguera,BARCELONA,https://www.farmaciaguarc.com/compra-online-medicaments,937-774-505,info@farmaciaguarc.com; dgors.salut@gencat.cat,,
FORÉS DEL RUSTE,ORIOL,LISBOA 9,BARCELONA,BARCELONA,https://farmaciaforeshuguet.es/categoria-producto/medicamentos/,933-570-596,info@farmaciaforeshuguet.com; dgors.salut@gencat.cat,,
Renedo Palomero,Silvia Sonia,"Carrer de Pablo Iglesias, 112",BARCELONA,BARCELONA,https://www.farmaciarenedo.com/es/medicamentos,933-590-037,info@farmaciarenedo.com; nfo@farmaciarenedo.com; dgors.salut@gencat.cat,,
FONTS MESTRES,SERGI,"Passatge de Cronos, 9-11",RUBI,BARCELONA,https://kronosalud.es/66-medicamentos,935-860-626,example@domain.com; dgors.salut@gencat.cat; support@tawk.to; info@kronosalud.es,,
SCHRÖDER VILAR,MARIA,"C/TIBIDABO, 19",TERRASSA,BARCELONA,https://www.farmacialesarenes.com/compra-online-medicamentos,937-860-487,consultas@farmacialesarenes.com; dgors.salut@gencat.cat,,
Lafarga Mestre,Jordi,"Ronda Sant Pere, 15",Barcelona,BARCELONA,https://www.farmaciagermana.com/compra-online-medicamentos,933-173-938,farmacialafarga@cofb.net; dgors.salut@gencat.cat,,
Garcia Sala,Daniel,"C/ Sant Marià, 99",Viladecans,BARCELONA,https://www.salutfarma.com/compra-online-medicamentos,936-580-048,dgors.salut@gencat.cat; farmaciasalagarcia@gmail.com,,
PEREZ GONZALEZ,ANTONIA,"CARRETERA DE GIRONA NUM 27, BAJO SEGUNDA",QUART,GERONA,https://www.farmaciaantoniaperezfmas.com/medicamentos,972-469-003,antoniaperez@cofgi.org; johndoe@domain.com; juanperez@dominio.com,,
Martínez Mollá,Patricia,Carrer de París 45,Barcelona,BARCELONA,https://farmaciaparis45.es/,934-309-096,info@farmaciaparis45.com,,
SALOMÓ TUSET,ORIOL,PLAÇA PONENT nº 2,TARRAGONA,TARRAGONA,https://farmaciatuset.es//medicamentos-20,977-213-533,dgors.salut@gencat.cat,,
CARAZO FRANQUESA,SONIA MARIA,"PROVENÇA, 156",BARCELONA,BARCELONA,https://farmaciaprovenza156.com/medicamentos/,934-537-385,contacto@farmacia-provenza156.com,,
BARRANCO NICOLAS,ESTHER,"Carretera de Cardona, 55",CALLÚS,BARCELONA,https://www.farmanostra.es/medicamentos/,938-360-077,info@farmanostra.es,,
GANVINI ASENCIOS,HUGO,C/nadal 42-52,Barcelona,BARCELONA,http://www.farmaciaplazanadal.es,931-133-328,farmaxnadal@gmail.com,,
Beringues Sorribas,Luis,Avinguda Lluís Companys 46,Sant Cugat del Vallès,BARCELONA,https://www.satisfarma.com/medicamentos-sin-prescripcion/,936-747-954,info@satisfarma.com; dgors.salut@gencat.cat,,
PIQUE FARRE,MARIBEL,PI I MARGALL 58,LERIDA,LÉRIDA,https://farmaciamaribelpique.com/239-medicamentos,973-232-184,dgors.salut@gencat.cat,,
de Dalmases Balaña,Jordi,Carrer d'Aragó 97,BARCELONA,BARCELONA,https://www.farmaciadalmases.com/compra-online-medicaments,932-262-674,farmacia@fdalmases.net; dgors.salut@gencat.cat,,
TALLADA MATEU,ELVIRA,"AVENIDA CATALUNYA,6",LLORET DE MAR,GERONA,https://www.farmaciaelviratallada.com/compra-online-medicaments,972-369-303,dgors.salut@gencat.cat; info@farmaciaelviratallada.com,,
AGRAMONTE BUCHÓ,ZOILA,"PLAÇA DE LA LLANA,11",BARCELONA,BARCELONA,https://medicamentos.farmaciaagramonte.com,933-195-921,dgors.salut@gencat.cat; info@farmaciaagramonte.com,,
RUIZ TORRADO,EVA,C/ RIERA 20,CALDES D´ESTRAC,BARCELONA,https://www.lafarmaciadecaldes.com,639-216-271,farmacaldetas@gmail.com; dgors.salut@gencat.cat,,
Pal Boix,Rosa,C/ Independencia 190,Badalona,BARCELONA,https://medicamentos.farmaciapal.com,933-833-652,tienda@farmaciapal.com; dgors.salut@gencat.cat,,
Baqué López,Meritxell,avda manresa 102,Òdena,BARCELONA,https://www.farmaciaodena.com/,938-033-246,info@farmaciaodena.com,,
Martinez Catala,Neus,"Roger de flor, 39-45",Les Roquetes (Sant Pere de Ribes ),BARCELONA,https://www.farmacianeusmartinez.cat/compra-online-medicaments,938-143-933,info@farmacianeusmartinez.com; dgors.salut@gencat.cat,,
Martinez Caballero,Laura,"C/ Aprestadora, 19",L'Hospitalet de Llobregat,BARCELONA,https://farmaciaciutatjudicial.com/product-category/medicamentos/,933-324-558,dgors.salut@gencat.cat; farmaciamartinezcaballero@cofb.net,,
Liarte Chico,Vanessa,Carrer d'Albert Llanas 28,Barcelona,BARCELONA,https://tienda.farmaciavistapark.es/medicamentos/,932-195-289,farmaciavistapark@gmail.com; dgors.salut@gencat.cat,,
llanso sanchez,OSCAR,"Carrer de Ponent, 8",Malgrat de Mar,BARCELONA,https://farmaciallanso.com/,670-921-306,info@farmaciallanso.com; dgors.salut@gencat.cat,,
Grau Vilalta,Laia,"CRTA. DE VIC,59",MANRESA,BARCELONA,https://www.farmacialaiagrauvilalta.com,938-772-987,farmacialaiagrau@gmail.com; dgors.salut@gencat.cat,,
Gómez Pérez,Laura,"Avinguda de Puigfred, 33",Badalona,BARCELONA,https://badafarma.com/10-medicamentos/,933-872-939,dgors.salut@gencat.cat; info@badafarma.com,,
TORRENS CORTES,MARIA INMACULADA,C/VILADOMAT 40,BARCELONA,BARCELONA,https://farmaciatorrens.com/10-medicamentos,934-411-567,hola@farmaciatorrens.com; dgors.salut@gencat.cat,,
TOBELLA NIETO,NURIA,"PZ. HERMANOS TRILLAS, 2",COMA-RUGA,TARRAGONA,https://www.farmaciatobellacomarrugafmas.com/medicamentos,977-680-917,farmacomarruga@gmail.com; dgors.salut@gencat.cat; johndoe@domain.com; juanperez@dominio.com,,
FERICHE BARTRA,IVONE,ARIBAU 20,BARCELONA,BARCELONA,https://farmaciaferiche.com/107-medicamentos,934-541-624,dgors.salut@gencat.cat,,
Ibañez Fernandez,Jose,AVINGUDA DE LA GENERALITAT 28,VILADECANS,BARCELONA,https://www.ibanezfarmacia.com/medicamentos-60021,936-580-444,contigo@ibanezfarmacia.com; dgors.salut@gencat.cat,,
ROYO BARGUES,TERESA,C/Tuset 34,BARCELONA,BARCELONA,https://tufarmadeconfianza.com/medicamentos/,617-125-956,info@lafarmaciaonline.com; info@tufarmadeconfianza.com; dgors.salut@gencat.cat; info@farmaciatuset.com,,
Melguizo Corzo,Raquel,"Passeig de la Bonanova, 43",BARCELONA,BARCELONA,https://www.farmaciamelguizo.com/medicamentos/,934-173-452,info@farmaciamelguizo.com,,
Clapés Collantes,Aida,Av. Catalunya 50,Sant Adrià de Besòs,BARCELONA,https://farmacia1925.com/433-medicamentos,933-810-132,dgors.salut@gencat.cat; farmacia@farmacia1925.com,,
Grima Aulet,Dolors,C/ ALHAMBRA 1 LOCAL BAJOS,BLANES,GERONA,https://www.farmaciaortopediaonline.com/medicamentos/,972-337-010,pedidos@farmaciaortopediaonline.com,,
Higueras Casares,Jesús Manuel,Gran Vía Corts Catalanes 688,Barcelona,BARCELONA,https://farmaciahiguerasalvarez.es,932-650-127,info@farmaciahiguerasalvarez.es; dgors.salut@gencat.cat,,
Luna Molero,María del Mar,"C/ VIla i Vilá, 57-Bis",Barcelona,BARCELONA,https://farmaciavilavila.es,934-414-185,dgors.salut@gencat.cat; info@farmaciavilavila.es,,
Fullana Barceló,Lucía,Paseo Sn Gervasio 24,Barcelona,BARCELONA,https://farmacialuciafullana.es,934-173-083,info@farmacialuciafullana.es; dgors.salut@gencat.cat,,
Durán Marcé,Isabel,Carrer de Colom 286,Terrasa,BARCELONA,https://farmaciaisabelduran.es,937-859-887,info@farmaciaisabelduran.es; dgors.salut@gencat.cat,,
PATERNA PATERNA,JESUS,"CALLE BERNAT METGE, 6-8",BARCELONA,BARCELONA,https://www.farmaciajesuspaternafmas.com/medicamentos/,933-146-659,paterna.paterna@cofb.net; johndoe@domain.com; dgors.salut@gencat.cat; juanperez@dominio.com,,
de dou reales,Bibiana,Av. Paralelo 124 bis,Barcelona,BARCELONA,https://farmaciaparalel.es,933-299-170,info@farmaciaparalel.es; dgors.salut@gencat.cat,,
Río Martínez,Helena,Barcelona,Barcelona,BARCELONA,https://medicamentos.farmaciaplazacerda.es,686-675-418,tienda@farmaciaplazacerda.es; dgors.salut@gencat.cat,,
GODIA TRESANCHEZ,ROSA Mª,C/ LLANÇA 11,BARCELONA,BARCELONA,https://medicamentos.farmaciagodiaonline.com,934-238-358,dgors.salut@gencat.cat; pedidos@farmaciagodiaonline.com,,
Palá Vilarrasa,Miriam,Pare Llaurador 73,Terrasa,BARCELONA,https://farmaciapalavilarrasa.es/50-medicamentos,937-880-088,dgors.salut@gencat.cat; info@farmaciapalavilarrasa.es,,
Fernández Moral,Isabel,C/ Antoni de Capmany 31,Barcelona,BARCELONA,https://farmaciaisabelfm.es/50-medicamentos,648-899-631,dgors.salut@gencat.cat; info@farmaciaisabelfm.es,,
Ramos Fernández de Henestrosa,Alberto,Carrer Santa Anna 21,Barcelona,BARCELONA,https://medicamentos.farma21.com/50-medicamentos,933-017-184,info@farma21.com; dgors.salut@gencat.cat,,
ROMERO RECHE,JOSE,SANT JOAN DE MALTA 43,BARCELONA,BARCELONA,https://www.lafarmacoteca.es/medicamentos/,933-075-143,info@lafarmacoteca.com; dgors.salut@gencat.cat,,
Bandera Ramos,Francesca,Av. Marques de L¿Argentera 5,Barcelona,BARCELONA,https://farmaciaestaciondefrancia.es/50-medicamentos,932-529-399,dgors.salut@gencat.cat; info@farmaciaestaciondefrancia.es,,
Romagosa Pérez,Marta,"C/ Antoni Gaudí, 61",Sant Boi de Llobregat,BARCELONA,https://medicamentos.farmaciaperezurpina.com/50-medicamentos,936-401-937,dgors.salut@gencat.cat; medicamentos@farmaciaperezurpina.com,,
Martínez García,Ángel,Tu Farmacia,Madrid,MADRID,https://www.healthfinder.es,684-302-668,angel.martinez.nq@gmail.com,,
